{
	"name": "cheat",
	"description": "free stuff",
	"loadout": "basicNucleus",
    "startingItems": [
    	{"item": "copper", "amount": 200},
    	{"item": "lead", "amount": 300}
    ],
    "conditionWave": 10,
    "launchPeriod": 10,
    "requirements": [
    	{
    		"type": "ZoneWave",
    		"zone": "groundZero", 
    		"wave": 1
    	},
    	{
    		"type": "Unlock",
    		"block": "conveyor"
    	}
    	{
    		"type": "Unlock",
    		"block": "conveyor"
    	}
    ],
    "resources": ["copper"]
}
